Theme,Keyword
Tariff Hike,Tariff Hike
Tariff Hike,Tariff Hikes
Tariff Hike,Base Tariff
Tariff Hike,Tariff Increase
Tariff Hike,Surplus Package
Tariff Hike,Incentive Package
Tariff Hike,Incremental Consumption Package
Tariff Hike,Bijli Sahulat Package
Tariff Hike,Roshan Economy Power Package
Tariff Hike,NEPRA Performance
Tariff Hike,Revenue Requirement
Tariff Hike,Capacity Purchase Price (CPP)
Tariff Hike,Distribution Margin
Tariff Hike,Cross-Subsidization
Tariff Hike,Debt Service Surcharge (DSS)
Tariff Hike,CPI Indexation
Tariff Hike,Cost of Service Study
Tariff Hike,Time-of-Use (TOU) Rates
Tariff Hike,Volumetric Tariffs
Tariff Hike,Non-Bypassable Charges (NBCs)
Tariff Hike,Use of System Charges (UoSC)
Tariff Hike,Apna Meter Apni Reading
Tariff Hike,Levelized Cost of Energy (LCOE)
Tariff Hike,Liquidated Damages
Tariff Hike,Marginal Cost Pricing
Fuel-price adjustments,Fuel-price adjustments
Fuel-price adjustments,Fuel Price Adjustment
Fuel-price adjustments,Quarterly Tariff Adjustment (QTA)
Fuel-price adjustments,Energy Purchase Price (EPP)
Fuel-price adjustments,WACOG
Fuel-price adjustments,Exchange Rate Indexation
Fuel-price adjustments,Economic Merit Order
Fuel-price adjustments,Reference Fuel Cost Component
Fuel-price adjustments,RLNG Basket Price
Fuel-price adjustments,Furnace Oil Price Parity
Fuel-price adjustments,Monthly FCA Determination
Fuel-price adjustments,Avoided Cost
Fuel-price adjustments,Fuel Cost Adjustment
Fuel-price adjustments,Sensitivity Analysis
Load-shedding events,Load-shedding events
Load-shedding events,Load Shedding
Load-shedding events,Blackout
Load-shedding events,Power Outage
Load-shedding events,KE Performance
Load-shedding events,AT&C Losses
Load-shedding events,T&D Losses
Load-shedding events,Recovery Ratio
Load-shedding events,Demand Suppression
Load-shedding events,Transmission Constraints
Load-shedding events,Revenue Based Load Shedding (RBLS)
Load-shedding events,Forced Outages
Load-shedding events,System Tripping
Load-shedding events,Demand Response
Load-shedding events,Peak Shaving
Load-shedding events,Grid Code
Load-shedding events,Distribution Code
Load-shedding events,IEEE 1547 Standards
Solarisation,Solarisation
Solarisation,IGCEP
Solarisation,Renewable Energy Integration
Solarisation,Competitive Bidding
Solarisation,Utility-Scale Solar
Solarisation,Fast Track Solar
Solarisation,Request for Proposal (RFP)
Solarisation,Local Manufacturing
Solarisation,Grid Interconnection Study
Solarisation,Energy Purchase Agreements
Solarisation,National Electricity Plan 2023-27
Solarisation,Strategic Directive 69
Solarisation,Captive Power Plants (CPPs)
Solarisation,Distributed Energy Resources (DERs)
Solarisation,Low-BTU Gas
Solarisation,Gas Supply Agreements (GSAs)
Solarisation,Solar Inverters
Solarisation,Startup Charges
Solarisation,Return on Equity
Solarisation,Capacity Factor
Solarisation,Ancillary Services
Privatisation,Water Coning
Privatisation,Privatisation
Privatisation,Privatisation of Discos
Privatisation,CTBCM
Privatisation,Open Access
Privatisation,Unbundling
Privatisation,Independent System Market Operator (ISMO)
Privatisation,Stranded Costs
Privatisation,Management Contracts
Privatisation,Concession Agreements
Privatisation,Regulatory Asset Base
Privatisation,Voluntary Separation Scheme (VSS)
Privatisation,Wheeling Consumers
Privatisation,Industrial Consumers (B-3/B-4)
Net-metering,Net-metering
Net-metering,Net Metering
Net-metering,Net Billing
Net-metering,Gross Metering
Net-metering,Prosumer Policy 2025
Net-metering,Buyback Rates
Net-metering,Distributed Generation
Net-metering,Grid Stability
Net-metering,Hosting Capacity
Net-metering,Bidirectional Metering
Net-metering,Duck Curve
Net-metering,National Average Power Purchase Price (NAPPP)
Net-metering,Solar Tax
Net-metering,Fixed Charges
Net-metering,Self-Consumption Model
Net-metering,Grandfathering
Net-metering,Sanctioned Load
Net-metering,Reverse Power Flow
Net-metering,Battery Energy Storage Systems (BESS)
Net-metering,Virtual Power Plants (VPPs)
Net-metering,Peer-to-Peer (P2P) Trading
Net-metering,Non-Net Metering Consumers
Net-metering,Net Metering Consumers
Net-metering,DG Capacity
Net-metering,Solar
Net-metering,Energy Purchase Price (EPP)
Net-metering,Gross Billing
Net-metering,Prosumer Regulation
Net-metering,Payback Period
Net-metering,Rate of Return
Net-metering,Green Metering
Net-metering,Solar Inverters
Net-metering,Maximum Demand Indicator (MDI)-Export
Net-metering,Maximum Demand Indicator (MDI)-Import
Net-metering,Active Energy Export
Net-metering,Apna Meter Apni Reading
Net-metering,Dispatch Energy
